{"mmlu:mc": {"allenai--OLMo-2-1124-13B--stage2-ingredient4-step34000-tokens286B": 0.6703069650858303, "allenai--OLMo-2-1124-13B--stage2-ingredient4-step35773-tokens300B": 0.669457478017024, "allenai--OLMo-2-1124-13B--stage2-ingredient4-step33000-tokens277B": 0.6685589819380698, "allenai--OLMo-2-1124-13B--stage2-ingredient4-step32000-tokens269B": 0.6682376039586685, "Meta-Llama-3-8B": 0.668220732441582, "allenai--OLMo-2-1124-13B--stage2-ingredient4-step35000-tokens294B": 0.668217048512367, "Meta-Llama-3.1-8B": 0.6667952018602318, "allenai--OLMo-2-1124-7B--stage2-ingredient3-step11931-tokens50B": 0.6363213088806898, "allenai--OLMo-2-1124-7B--stage2-ingredient3-step10000-tokens42B": 0.6354960746801046, "allenai--OLMo-2-1124-7B--stage2-ingredient3-step11000-tokens47B": 0.6352496834224137, "allenai--OLMo-2-1124-7B--stage2-ingredient3-step8000-tokens34B": 0.6346606314837033, "allenai--OLMo-2-1124-7B--stage2-ingredient3-step9000-tokens38B": 0.6341087630868034, "deepseek-llm-7b-base": 0.4852037512888896, "allenai--OLMo-2-0425-1B--stage2-ingredient3-step20000-tokens42B": 0.44861203613615386, "allenai--OLMo-2-0425-1B--stage2-ingredient3-step22000-tokens47B": 0.442550708268258, "allenai--OLMo-2-0425-1B--stage2-ingredient3-step23852-tokens51B": 0.44250995973164803, "allenai--OLMo-2-0425-1B--stage2-ingredient3-step23000-tokens49B": 0.4424036916031714, "allenai--OLMo-2-0425-1B--stage2-ingredient3-step21000-tokens45B": 0.4378902583731533, "DataDecide-dclm-baseline-1B": 0.2783533158849213, "DataDecide-dclm-baseline-50p-dolma1.7-50p-1B": 0.26558007512801346, "DataDecide-dolma1_7-1B": 0.25498155948571355}, "minerva": {"allenai--OLMo-2-1124-13B--stage2-ingredient4-step34000-tokens286B": 0.2263399347675072, "allenai--OLMo-2-1124-13B--stage2-ingredient4-step35773-tokens300B": 0.2323297884284277, "allenai--OLMo-2-1124-13B--stage2-ingredient4-step33000-tokens277B": 0.23030852205204871, "allenai--OLMo-2-1124-13B--stage2-ingredient4-step32000-tokens269B": 0.22442985705398114, "Meta-Llama-3-8B": 0.1523441584392339, "allenai--OLMo-2-1124-13B--stage2-ingredient4-step35000-tokens294B": 0.23880997999480022, "Meta-Llama-3.1-8B": 0.17073749148339695, "allenai--OLMo-2-1124-7B--stage2-ingredient3-step11931-tokens50B": 0.18816562347158916, "allenai--OLMo-2-1124-7B--stage2-ingredient3-step10000-tokens42B": 0.16810930346849168, "allenai--OLMo-2-1124-7B--stage2-ingredient3-step11000-tokens47B": 0.18399700308142647, "allenai--OLMo-2-1124-7B--stage2-ingredient3-step8000-tokens34B": null, "allenai--OLMo-2-1124-7B--stage2-ingredient3-step9000-tokens38B": 0.1680966482325267, "deepseek-llm-7b-base": 0.04383635111971156, "allenai--OLMo-2-0425-1B--stage2-ingredient3-step20000-tokens42B": 0.0475159884391194, "allenai--OLMo-2-0425-1B--stage2-ingredient3-step22000-tokens47B": 0.04199754507601531, "allenai--OLMo-2-0425-1B--stage2-ingredient3-step23852-tokens51B": null, "allenai--OLMo-2-0425-1B--stage2-ingredient3-step23000-tokens49B": null, "allenai--OLMo-2-0425-1B--stage2-ingredient3-step21000-tokens45B": null, "DataDecide-dclm-baseline-1B": null, "DataDecide-dclm-baseline-50p-dolma1.7-50p-1B": null, "DataDecide-dolma1_7-1B": null}, "gsm-symb": {"allenai--OLMo-2-1124-13B--stage2-ingredient4-step34000-tokens286B": 0.39873333333333333, "allenai--OLMo-2-1124-13B--stage2-ingredient4-step35773-tokens300B": 0.40199999999999997, "allenai--OLMo-2-1124-13B--stage2-ingredient4-step33000-tokens277B": 0.4046, "allenai--OLMo-2-1124-13B--stage2-ingredient4-step32000-tokens269B": 0.40700000000000003, "Meta-Llama-3-8B": 0.3484666666666667, "allenai--OLMo-2-1124-13B--stage2-ingredient4-step35000-tokens294B": 0.3962666666666667, "Meta-Llama-3.1-8B": 0.35686666666666667, "allenai--OLMo-2-1124-7B--stage2-ingredient3-step11931-tokens50B": 0.37073333333333336, "allenai--OLMo-2-1124-7B--stage2-ingredient3-step10000-tokens42B": 0.3711333333333333, "allenai--OLMo-2-1124-7B--stage2-ingredient3-step11000-tokens47B": 0.3700666666666667, "allenai--OLMo-2-1124-7B--stage2-ingredient3-step8000-tokens34B": null, "allenai--OLMo-2-1124-7B--stage2-ingredient3-step9000-tokens38B": 0.3655333333333333, "deepseek-llm-7b-base": 0.059133333333333336, "allenai--OLMo-2-0425-1B--stage2-ingredient3-step20000-tokens42B": 0.19113333333333335, "allenai--OLMo-2-0425-1B--stage2-ingredient3-step22000-tokens47B": 0.1924, "allenai--OLMo-2-0425-1B--stage2-ingredient3-step23852-tokens51B": null, "allenai--OLMo-2-0425-1B--stage2-ingredient3-step23000-tokens49B": null, "allenai--OLMo-2-0425-1B--stage2-ingredient3-step21000-tokens45B": null, "DataDecide-dclm-baseline-1B": null, "DataDecide-dclm-baseline-50p-dolma1.7-50p-1B": null, "DataDecide-dolma1_7-1B": null}, "mt_mbpp_v2fix": {"allenai--OLMo-2-1124-13B--stage2-ingredient4-step34000-tokens286B": 0.35746429247010175, "allenai--OLMo-2-1124-13B--stage2-ingredient4-step35773-tokens300B": 0.3585786332570602, "allenai--OLMo-2-1124-13B--stage2-ingredient4-step33000-tokens277B": 0.35899095890719185, "allenai--OLMo-2-1124-13B--stage2-ingredient4-step32000-tokens269B": 0.3597304969052207, "Meta-Llama-3-8B": 0.2975788381435206, "allenai--OLMo-2-1124-13B--stage2-ingredient4-step35000-tokens294B": 0.3589126721173881, "Meta-Llama-3.1-8B": 0.2973130323030789, "allenai--OLMo-2-1124-7B--stage2-ingredient3-step11931-tokens50B": 0.3778429455399998, "allenai--OLMo-2-1124-7B--stage2-ingredient3-step10000-tokens42B": 0.3781956986079534, "allenai--OLMo-2-1124-7B--stage2-ingredient3-step11000-tokens47B": 0.37780124172119606, "allenai--OLMo-2-1124-7B--stage2-ingredient3-step8000-tokens34B": null, "allenai--OLMo-2-1124-7B--stage2-ingredient3-step9000-tokens38B": 0.3819379366211011, "deepseek-llm-7b-base": 0.31041025811565115, "allenai--OLMo-2-0425-1B--stage2-ingredient3-step20000-tokens42B": 0.47259201955859403, "allenai--OLMo-2-0425-1B--stage2-ingredient3-step22000-tokens47B": 0.4713879425962115, "allenai--OLMo-2-0425-1B--stage2-ingredient3-step23852-tokens51B": null, "allenai--OLMo-2-0425-1B--stage2-ingredient3-step23000-tokens49B": null, "allenai--OLMo-2-0425-1B--stage2-ingredient3-step21000-tokens45B": null, "DataDecide-dclm-baseline-1B": null, "DataDecide-dclm-baseline-50p-dolma1.7-50p-1B": null, "DataDecide-dolma1_7-1B": null}, "mbpp:3shot::olmo3": {"allenai--OLMo-2-1124-13B--stage2-ingredient4-step34000-tokens286B": 0.21789999999999982, "allenai--OLMo-2-1124-13B--stage2-ingredient4-step35773-tokens300B": 0.21809999999999974, "allenai--OLMo-2-1124-13B--stage2-ingredient4-step33000-tokens277B": 0.2274999999999998, "allenai--OLMo-2-1124-13B--stage2-ingredient4-step32000-tokens269B": 0.22369999999999984, "Meta-Llama-3-8B": 0.30810000000000004, "allenai--OLMo-2-1124-13B--stage2-ingredient4-step35000-tokens294B": 0.21819999999999967, "Meta-Llama-3.1-8B": 0.08059999999999999, "allenai--OLMo-2-1124-7B--stage2-ingredient3-step11931-tokens50B": 0.14659999999999992, "allenai--OLMo-2-1124-7B--stage2-ingredient3-step10000-tokens42B": 0.1417, "allenai--OLMo-2-1124-7B--stage2-ingredient3-step11000-tokens47B": 0.14269999999999997, "allenai--OLMo-2-1124-7B--stage2-ingredient3-step8000-tokens34B": null, "allenai--OLMo-2-1124-7B--stage2-ingredient3-step9000-tokens38B": 0.13959999999999997, "deepseek-llm-7b-base": 0.22849999999999981, "allenai--OLMo-2-0425-1B--stage2-ingredient3-step20000-tokens42B": 0.020300000000000002, "allenai--OLMo-2-0425-1B--stage2-ingredient3-step22000-tokens47B": 0.0188, "allenai--OLMo-2-0425-1B--stage2-ingredient3-step23852-tokens51B": null, "allenai--OLMo-2-0425-1B--stage2-ingredient3-step23000-tokens49B": null, "allenai--OLMo-2-0425-1B--stage2-ingredient3-step21000-tokens45B": null, "DataDecide-dclm-baseline-1B": null, "DataDecide-dclm-baseline-50p-dolma1.7-50p-1B": null, "DataDecide-dolma1_7-1B": null}}
