{"lambada": {"Meta-Llama-3-8B": 0.7634387735299826, "Meta-Llama-3.1-8B": 0.7545119347952649, "allenai--OLMo-2-1124-13B--stage2-ingredient4-step35773-tokens300B": 0.727149233456239, "allenai--OLMo-2-1124-13B--stage2-ingredient4-step34000-tokens286B": 0.725790801474869, "deepseek-llm-7b-base": 0.725790801474869, "allenai--OLMo-2-1124-13B--stage2-ingredient4-step33000-tokens277B": 0.7254026780516204, "allenai--OLMo-2-1124-13B--stage2-ingredient4-step35000-tokens294B": 0.7248204929167475, "allenai--OLMo-2-1124-13B--stage2-ingredient4-step32000-tokens269B": 0.724432369493499, "Qwen2.5-7B": 0.7026974577915778, "allenai--OLMo-2-1124-7B--stage2-ingredient3-step9000-tokens38B": 0.7021152726567048, "allenai--OLMo-2-1124-7B--stage2-ingredient3-step11931-tokens50B": 0.701533087521832, "allenai--OLMo-2-1124-7B--stage2-ingredient3-step10000-tokens42B": 0.6988162235590918, "allenai--OLMo-2-1124-7B--stage2-ingredient3-step11000-tokens47B": 0.6964874830196003, "allenai--OLMo-2-1124-7B--stage2-ingredient3-step8000-tokens34B": 0.6951290510382302, "DataDecide-dclm-baseline-1B": 0.6155637492722685, "DataDecide-dclm-baseline-50p-dolma1.7-50p-1B": 0.6134290704444013, "allenai--OLMo-2-0425-1B--stage2-ingredient3-step21000-tokens45B": 0.6015913060353192, "allenai--OLMo-2-0425-1B--stage2-ingredient3-step22000-tokens47B": 0.5973219483795847, "allenai--OLMo-2-0425-1B--stage2-ingredient3-step23000-tokens49B": 0.5971278866679605, "allenai--OLMo-2-0425-1B--stage2-ingredient3-step23852-tokens51B": 0.5969338249563361, "allenai--OLMo-2-0425-1B--stage2-ingredient3-step20000-tokens42B": 0.5835435668542597, "DataDecide-dolma1_7-1B": 0.562196778575587}, "lambada:bpb": {"Meta-Llama-3-8B": 0.26504339233311486, "Meta-Llama-3.1-8B": 0.26907542871535317, "allenai--OLMo-2-1124-13B--stage2-ingredient4-step35773-tokens300B": 0.284156702805426, "allenai--OLMo-2-1124-13B--stage2-ingredient4-step34000-tokens286B": 0.2838885204134486, "deepseek-llm-7b-base": 0.28634913464739625, "allenai--OLMo-2-1124-13B--stage2-ingredient4-step33000-tokens277B": 0.2842686872466575, "allenai--OLMo-2-1124-13B--stage2-ingredient4-step35000-tokens294B": 0.285099503202122, "allenai--OLMo-2-1124-13B--stage2-ingredient4-step32000-tokens269B": 0.28668971404427174, "Qwen2.5-7B": 0.31346693583706897, "allenai--OLMo-2-1124-7B--stage2-ingredient3-step9000-tokens38B": 0.30656765411915493, "allenai--OLMo-2-1124-7B--stage2-ingredient3-step11931-tokens50B": 0.3091650534030428, "allenai--OLMo-2-1124-7B--stage2-ingredient3-step10000-tokens42B": 0.3105757354505618, "allenai--OLMo-2-1124-7B--stage2-ingredient3-step11000-tokens47B": 0.3127649896368682, "allenai--OLMo-2-1124-7B--stage2-ingredient3-step8000-tokens34B": 0.31282140649562096, "DataDecide-dclm-baseline-1B": 0.4009965227188263, "DataDecide-dclm-baseline-50p-dolma1.7-50p-1B": 0.40962001349108185, "allenai--OLMo-2-0425-1B--stage2-ingredient3-step21000-tokens45B": 0.4308984742128615, "allenai--OLMo-2-0425-1B--stage2-ingredient3-step22000-tokens47B": 0.44340876687982567, "allenai--OLMo-2-0425-1B--stage2-ingredient3-step23000-tokens49B": 0.4458402528426967, "allenai--OLMo-2-0425-1B--stage2-ingredient3-step23852-tokens51B": 0.4441347762698467, "allenai--OLMo-2-0425-1B--stage2-ingredient3-step20000-tokens42B": 0.4736946522115473, "DataDecide-dolma1_7-1B": 0.4704948476411547}}